Type_of_well,Well_Depth,Lattitude,Longitude,pH,Eh,Cond,Temp,DO,DOC,HCO3,Cl,NO3,SO4,PO4,NH4,Al,B,Ba,Ca,Fe,K,Mg,Mn,Na,P,S,Si,SiO2,Sr,Zn,Cd,Cr,Cu,Mo,Ni,Pb,As
Shallow,24.2,23.51744,90.86417,6.72,-96,1416,29.6,0.3,14.03,614.88,229.4428,9.6192,0.93,700.4,0,85.12,0.3,0.08,20.57,2.79,15.15,39.62,0.05,302.51,3645.64,0.71,12.51,26.77,0.25,49.18,0,13.6364,3.727,0,3.4724,0,499.3
Deep,181.8,23.54386,90.83903,6.74,-33,465,31.4,1.2,6.51,175.68,37.9805,1.3602,0.2,0,0.27,60.33,0.05,0.1,28.42,2.3,2.93,14.03,0.13,33.62,164.7,0.22,26.29,56.25,0.16,79.11,0,0,4.2555,0,2.7421,0,8.9
Deep,242.4,23.52825,90.82956,6.73,-19,496,31.1,1.5,6.23,204.96,55.9389,3.0727,1.59,0,0.19,63.05,0.03,0.09,33.63,2.02,3.31,18.17,0.1,33.83,117.87,0.74,29.24,62.56,0.22,51.76,0,0,3.3989,0,0,0,6.3
Deep,303,23.52561,90.84586,6.72,-25,761,32.1,5.3,5.85,175.68,149.4432,3.4314,13.47,0,0.06,35.38,0.03,0.09,54.79,0.06,6.21,26.81,0.06,58.74,156.8,5.17,23.58,50.45,0.38,43.75,0,1.2759,154.386,0,0,4.3982,16.1
Shallow,84.8,23.54328,90.78681,6.72,17,1261,31,2.4,16.93,263.52,306.539,1.9414,0.4,0,0,43.36,0.03,0.08,113.23,0.13,3.84,36.32,3.18,136.1,38.01,0.54,14.13,30.22,0.68,69.22,0,1.7589,3.1335,0,6.01,0,5.8
Deep,212.1,23.52781,90.78244,6.76,16,615,31.1,0.1,8.61,234.24,79.4907,1.7868,0.14,0,0,53.75,0.04,0.05,49.9,0.45,3.44,15.26,1.3,57.7,68.75,0.51,17.44,37.3,0.26,44.63,0,1.8011,5.0403,0,0,3.4226,7.4
Shallow,12.1,23.52477,90.79369,6.72,-4,1005,29.6,0,12.23,512.4,117.1282,0.0241,0.1,0,7.56,48.9,0.07,0.11,80.71,7.97,11.14,56.82,0.24,76.42,2810.83,0.38,21.57,46.15,0.41,46.28,0,0.8717,1.1542,0,0,0,97.9
Shallow,15.2,23.51835,90.81829,6.78,-22,652,29.2,0.2,7.03,380.64,22.003,1.2977,0.05,120.7,3.66,48.54,0.06,0.07,38.71,5.22,8.29,48.44,0.09,20.88,2380.86,0.4,18.82,40.27,0.26,63.76,0,0.9402,6.9799,0,5.7857,0,226.4
Shallow,121.2,23.52678,90.81694,6.77,-27,628,32.1,3.6,3.95,190.32,96.1316,0.5687,0.13,0,0.2,35.59,0.03,0.11,56.42,1.78,6.27,16.36,0.28,44.61,92.3,0.34,20.7,44.28,0.26,435.78,0,0.8296,4.0695,0,0,0,2.6
Shallow,36.4,23.53425,90.80952,6.7,-17,927,31.1,0.1,8.76,570.96,149.5486,12.4828,0.34,0,0,19.97,0.13,0.06,68.92,7.03,13.22,79.97,0.1,87.04,2032.86,0.31,15.41,32.96,0.47,35.53,0,0.5014,1.5049,0,2.9501,0,289.9
Shallow,21.2,23.49713,90.82867,6.85,-55,650,29.6,0,12.35,395.28,15.2508,4.2876,0.15,2426,4.04,24.41,0.27,0.04,6.1,0.6,6.65,6.46,0.02,144.91,9149.1,0.46,15.69,33.57,0.05,23.63,0,1.8585,15.3575,0,2.5272,0,262.2
Deep,212.1,23.48402,90.83628,6.86,-29,389,33.2,0.4,6.13,204.96,10.1105,3.2915,0.22,0,0,43.5,0.03,0.08,29.57,1.12,3.67,13.1,0.07,26.08,131.75,0.37,27.61,59.08,0.16,55.86,0,0.853,8.1578,0,0,0,2.6
Deep,227.3,23.49714,90.81903,6.9,-34,490,29.5,0,4.93,234.24,38.514,2.1127,0.02,0,0,25.29,0.03,0.1,32.85,0.91,4.54,15.48,0.05,42.53,85.64,0.36,25.2,53.92,0.18,46.28,0,0.8863,2.632,0,0,0,2.6
Shallow,71.2,23.46189,90.79161,6.95,-4,2230,29.8,0.4,6.25,219.6,866.47,1.363,38.95,1000,0.89,27.84,0.12,0.06,89.45,0.74,8.18,66.17,2.2,543.56,63.44,14.04,13.82,29.56,0.58,53.34,0,1.6436,7.2083,0,3.4938,0,8.3
Shallow,24.2,23.47967,90.76039,6.81,-30,866,29.7,0.1,11.61,424.56,86.6538,3.614,0.11,724.6,0,31.4,0.13,0.08,28.02,1.86,8.37,32.27,0.07,111.62,3301.63,0.48,16.72,35.78,0.17,27.18,0,0.9537,2.1565,0,0,0,245.2
Deep,212.1,23.47392,90.79242,6.85,-14,453,29.6,0.2,6.13,219.6,28.8651,4.2653,0.15,0,0,26.49,0.04,0.08,25.42,1.43,4.47,14.92,0.09,41.56,267.07,0.39,24.11,51.58,0.15,70.05,0,0.929,4.6646,0,0,0,2.6
Shallow,69.7,23.48025,90.77231,6.79,-23,1042,29.6,0.1,5.4,234.24,255.8616,8.6506,0.52,0,0.09,41.75,0.01,0.06,83.24,0.29,2.38,27.91,0.47,126.42,109.24,0.46,12.45,26.64,0.42,43.25,0,1.1366,4.5535,0,0,0,2.6
Deep,227.3,23.49518,90.78258,6.82,-19,535,29.5,1.1,4.52,204.96,65.5546,7.7574,0.2,0,0.15,21.32,0.04,0.1,38.08,2.37,2.98,17.86,0.08,39.51,218.93,0.37,24.51,52.44,0.2,47.73,0,0.6775,1.9266,0,0,0,2.6
Shallow,24.2,23.47008,90.77231,6.86,-37,722,29.3,0,7.93,439.2,26.2633,0.5389,0.02,631.9,0,31,0.09,0.07,33.25,1.93,8.58,43.12,0.07,45.28,3055.4,0.63,18.77,40.16,0.25,29.74,0,1.3128,6.4112,0,0,0,130.5
Deep,212.1,23.54313,90.72157,6.93,28,839,29.6,0.1,5.33,263.52,151.0342,3.0393,0.02,0,0.48,22.84,0.22,0.15,51.3,1.34,6.65,21.39,0.06,103.39,141.76,0.67,20.48,43.81,0.25,31.03,0,1.4105,8.3432,0,3.5129,0,2.6
Shallow,25.8,23.53375,90.71564,6.92,-9,720,29,0.2,6.73,336.72,45.7247,0.4073,0.14,0,2.76,18.4,0.04,0.16,78.89,14.26,5.91,22.36,0.77,34.31,1372.15,0.39,15.56,33.29,0.29,60.72,0,0.6638,2.3976,0,4.7736,3.4064,91.2
Shallow,90.9,23.51178,90.73318,7.13,-57,850,29.8,0,5.76,278.16,139.2586,5.9103,0.08,0,8.44,17.24,0.11,0.26,57.16,4.64,5.65,20.24,0.13,92.06,608.8,0.42,11.32,24.21,0.3,23.9,0,0.8751,5.6305,2.659,3.0866,0,102.7
Deep,227.3,23.5341,90.75359,7.58,-23,658,31.1,0.2,3.37,263.52,86.0932,0.2775,0.09,0,1.52,44.94,0.12,0.09,35.19,1.76,6.63,15.49,0.06,78.13,352.74,0.31,23.04,49.28,0.19,41.71,0,0.8017,8.5854,0,2.6782,0,2.6
Shallow,90.9,23.53733,90.81404,7.04,-6,861,30.3,0,3.8,263.52,156.9472,0.4579,0.13,0,0,17.56,0.07,0.1,61.98,0.6,2.83,22.15,1.53,103.41,200.41,0.42,17.94,38.38,0.3,22.46,0,0.9841,2.2572,0,0,0,2.6
Shallow,60.6,23.50765,90.75583,7.65,-12,493,29.5,1,7.79,248.88,13.837,0.3603,0.05,0,4.83,19.43,0.03,0.07,45.36,8.64,7.63,21.69,0.16,8.93,2007.82,0.57,21.27,45.5,0.18,77.39,0,0.9491,1.9043,0,3.4959,0,40.7
Shallow,24.2,23.51132,90.75465,6.96,-33,561,29.4,0,5.18,263.52,38.0893,0.7297,2.33,0,1.73,15.21,0.02,0.07,46.77,8.45,9.17,26.06,0.33,23.85,1948.01,1.28,19.6,41.94,0.11,81.12,3.5546,0.7782,1.7769,0,0,0,11.4
Shallow,90.9,23.4945,90.74243,6.97,-37,483,30.7,0,3.98,234.24,32.31,0.2693,0.25,0,0,20.91,0.05,0.05,28.51,0.11,1.58,10.37,0.28,58.78,126.95,0.47,13.9,29.73,0.15,24.52,0,0.9458,2.6429,0,0,0,2.6
Deep,181.8,23.49569,90.71839,6.97,-3,820,31.2,0.1,2.51,161.04,186.1412,1.1612,0.12,0,0.08,17.66,0.05,0.13,62.47,4.13,3.57,24.27,0.15,75.61,183.72,0.61,27.79,59.44,0.31,25.33,0,1.1966,1.3602,0,0,0,2.6
Deep,227.3,23.502,90.71881,6.92,-12,729,30.9,0.2,3.25,234.24,130.0092,8.9,0.16,0,0.92,30.74,0.07,0.15,61.68,2.39,8.37,25.57,0.13,55.27,101.07,0.43,23.9,51.12,0.33,33.78,0,0.9489,2.625,0,0,0,2.6
Shallow,18.2,23.52572,90.76503,6.24,-19,875,29.8,0.1,11.24,424.56,91.805,22.3327,0.11,1307.6,9.98,22.46,0.18,0.06,13.95,1.1,9.84,20.52,0.03,156.08,4855.84,0.57,15.2,32.52,0.13,25.25,0,1.2157,2.5797,0,0,0,233.1
Shallow,27.3,23.5255,90.78272,7.04,-23,1790,30.1,0.3,13.85,673.44,316.9385,0.01961,0.08,1402,16.17,24.74,0.36,0.07,22.91,1.68,15.22,36,0.03,428.85,5648.6,0.59,13.36,28.57,0.22,18.09,0,1.3098,4.1573,0,0,0,311.5
Shallow,81.8,23.53013,90.75191,6.5,14,961,30.2,1.4,3.23,307.44,156.0912,0.3022,0.27,0,0,11.96,0.07,0.1,60.71,1.07,2.9,21.18,1.67,101.6,229.31,0.87,17.55,37.53,0.29,39.4,0,2.0817,3.1912,0,3.4541,0,2.6
Deep,181.8,23.53099,90.75333,6.75,-16,1007,31.6,1.4,2.94,219.6,237.1276,0.2682,0.3,0,0.43,22.77,0.09,0.23,94.44,4.11,8.4,33.69,0.11,75.22,139.46,0.54,21.11,45.17,0.43,160.04,0,1.2163,4.3938,0,3.4426,0,2.6
Shallow,24.2,23.53733,90.75251,6.99,-59,1397,29.7,0.2,12.64,688.08,144.9632,0.01649,0.1,489.2,18.35,14.95,0.23,0.08,53.59,3.35,14.08,55.52,0.05,201.94,3000.84,0.85,14.95,31.99,0.35,30.91,0,1.7003,2.1017,0,4.1666,0,315.1
Shallow,75.8,23.49448,90.74239,6.61,-19,546,30.9,0.8,2.28,248.88,33.2119,0.6173,0.32,0,0,24.37,0.06,0.07,28.02,0.39,1.71,10.25,0.26,58.82,139.77,0.67,13.89,29.71,0.15,55.86,0,1.4859,4.6809,0,0,0,2.6
Deep,212.1,23.48744,90.7477,7.31,-7,632,32.9,2,5.55,248.88,77.095,0.4932,1.52,0,0.48,22.16,0.06,0.08,28.13,1.17,6.16,11.68,0.27,82.81,111.94,1.2,17.55,37.54,0.15,485.73,0,1.3096,1.2173,0,2.6051,0,2.6
Shallow,54.5,23.48736,90.74763,6.84,15,619,31.1,0.6,2.54,278.16,54.5369,0.02621,0.15,0,0.11,13.36,0.04,0.08,33.4,0.4,1.56,12.04,0.66,71.69,79.16,0.67,12.42,26.57,0.18,40.55,0,1.5071,2.4509,0,0,0,2.6
Deep,219.7,23.50528,90.72028,6.48,22,672,30.1,4.8,2.17,190.32,97.3086,0.01591,0.17,0,0.34,10.35,0.03,0.13,53.55,2.5,4.9,20.64,0.13,39.57,180.49,0.67,24.17,51.71,0.29,32.3,0,1.3549,2.6254,0,0,0,2.6
Shallow,22.7,23.50518,90.71992,6.95,-53,1149,30.1,5.2,10.84,497.76,174.25,0.7092,0.45,0,11.74,10.23,0.1,0.15,68.21,6.18,8.1,20.07,0.08,173.43,3140.04,0.68,12.74,27.25,0.23,25.73,0,1.4233,2.9973,5.3046,3.5402,0,578.9
Shallow,84.8,23.53941,90.71416,6.8,-43,1089,31.4,4.8,2.02,263.52,229.4092,0.2662,0.09,0,7.77,7.23,0.26,0.21,60.39,8.05,6.33,21.11,0.13,128.44,672.29,0.46,17.4,37.23,0.3,31.72,0,1.0033,2.0061,0,0,0,29.1
Shallow,25.8,23.52644,90.71893,7.03,-41,1026,31.6,5,3.56,248.88,215.6732,0.5822,0.32,0,8.91,13.11,0.26,0.2,58.17,6.7,5.9,21.66,0.2,118.52,314.14,0.95,15.39,32.93,0.29,113.33,0,2.1453,2.3526,0,2.9806,0,19
Deep,248.5,23.5477,90.73378,6.88,-19,1147,32.1,6.5,1.7,278.16,233.5056,0.4062,0.3,0,0.57,8.65,0.23,0.18,58.29,0.95,7.44,24.22,0.05,165.39,110.21,0.33,19.55,41.83,0.28,30.17,0,0.7619,2.415,0,0,0,3
Shallow,86.9,23.48827,91.00803,6.8,14.69897356,865,26.9,0,2.577,322.08,142.36,0.19,4.3,0,0,2.54,0.033,0.017,21.03,0.002,2.74,14.03,0.001,135.39,8,0.37,13.77,29.45,0.05,5.14,0,0,2.2047,0,2.4878,0,2.6
Shallow,75,23.43791,90.906,6.6,13.04474323,975,29,0,2.523,204.96,248.86,0.31,1,1641,0.04,30.18,0.179,0.033,9.46,0.584,3.66,1.56,0.033,222.68,544.65,0.11,16.2,34.65,0.03,42.46,0,0.5369,3.2292,0,0,0,2.6
Shallow,82.3,23.41641,90.90534,7.1,12.22314066,860,28.5,0,3.068,190.32,195.61,0.37,4.2,1630.6,3.74,3.32,0.124,0.06,14.72,0.003,11.89,6.28,0.001,173.41,364.77,0.28,12.56,26.87,0.06,3.78,0,0.8375,0,1.9214,0,0,10.1
Shallow,30.5,23.44384,90.92973,7.1,-49.733772,2360,29.2,0,15.197,453.84,657.82,6.2,6.2,12564.7,0,20.67,0.366,0.068,44.16,1.658,27.45,39.59,0.054,473.6,4177.87,0.34,14.36,30.72,0.24,17.46,0,1.3819,2.9728,0,5.0313,0,265.02
Shallow,41.2,23.4501,90.93681,6.7,1.101906848,211,27.8,0,4.56,102.48,17.75,1.24,0.24,4240.2,0,18.76,0.003,0.085,14.72,4.003,6.4,15.43,0.151,7.92,1442.84,0.23,15.22,32.56,0.11,36.9,0,0,3.8239,0,0,0,73.51
Shallow,85.1,23.3553,90.94737,7.1,0.334447135,817,28.5,0,4.529,453.84,62.13,1.3,1.2,6044.8,0,24.83,0.099,0.066,58.87,3.683,22.87,50.14,0.206,56.88,2032.75,0.32,11.09,23.72,0.27,146.05,0,0.5828,5.2147,0,6.1024,2.3315,166.76
Shallow,19.8,23.36534,90.95436,7.1,-8.600683559,2150,28.6,0,6.981,490.44,493.45,2.05,6.2,6437.4,0,25.72,0.278,0.063,64.13,1.364,22.87,58.53,0.406,360.64,2159.65,0.4,5.27,11.27,0.43,52.55,0,0.8427,1.8359,4.3311,4.17,0,546.78
Shallow,27.4,23.36831,90.9388,7,-15.66630406,766,29.2,0,4.085,417.24,62.13,2.67,1.15,7207.5,0,16.86,0.134,0.058,49.41,2.906,22.87,52.25,0.081,41.71,2408.72,0.09,12.87,27.52,0.29,17.32,0,0.5319,1.2362,0,4.0342,0,221.99
Shallow,79.3,23.38698,90.93124,7.2,11.40520267,816,28.1,0,3.466,219.6,168.98,0.43,1.1,9244.4,0.03,12.78,0.143,0.032,13.67,0.19,4.12,2.1,0.012,183.81,3132.03,0.05,9.59,20.53,0.03,26.3,0,0.537,1.0414,2.9696,0,0,51.97
Shallow,21.3,23.39845,90.9269,7.2,-5.678213428,668,29.4,0,7.183,322.08,73,1.8,0.5,7039.8,0.03,26.05,0.152,0.029,21.03,1.356,11.44,33.55,0.052,82.36,2376.43,0.36,10.28,21.99,0.17,88.52,0,0.497,2.1455,0,2.9254,0,286.28
Shallow,83.8,23.40297,90.93881,6.5,16.36795657,612,29.6,0,1.784,146.4,155.49,0.06,1.22,655.8,0.44,22.62,0.051,0.106,36.8,4.485,5.03,14.79,0.237,73.33,179.65,0.04,19.94,42.65,0.21,40.48,0,0,1.5718,0,0,0,2.6
Shallow,85.1,23.40918,90.94635,6.7,9.780288963,402,28.4,0,2.41,168.36,79.88,0.56,0.27,489.4,0,17.06,0.051,0.084,29.44,1.143,4.12,10.74,0.095,51.11,134.44,0.07,21.64,46.29,0.16,290.68,0,0,0.5947,0,0,0,2.6
Shallow,101.2,23.40135,90.92304,6.6,13.87001824,688,28.1,0,3.184,183,146.62,0.25,4.05,1143,0.03,28.11,0.101,0.057,31.54,0.912,8.23,10.66,0.261,107.49,308.25,0.89,16.34,34.97,0.14,163.64,0,0.4828,1.5468,0,0,0,70.5
Shallow,82.3,23.40716,90.92225,6.6,14.69897356,837,28.1,0,2.563,183,199.87,0.19,3.95,0,0,32.9,0.098,0.078,21.03,2.63,10.06,17.08,0.22,141.65,307.08,0.54,18.48,39.54,0.12,132.1,0,0.7151,8.7356,0,7.611,0,2.6
Shallow,27.4,23.4371,91.04623,6.9,15.53161705,532,26.5,0,3.229,258.16,62.13,0.12,12.45,3803.2,0,23.17,0.038,0.04,31.54,4.217,11.89,38.74,0.319,16.09,1266.83,0.07,12.83,27.45,0.19,35.76,0,0,4.6449,0,7.8965,0,122.5
Shallow,22.9,23.4637,91.0351,7,-13.58239834,979,26.8,0,3.208,336.72,151.23,2.48,4.25,3380.3,0.04,28.25,0.076,0.046,58.87,3.525,22.87,73.32,0.363,32.22,1112.15,1.75,9.2,19.67,0.38,37.13,0,0,4.6026,0,6.606,0,281.21
Shallow,86.9,23.46285,91.02045,6.5,6.574090424,1725,28.2,0,1.82,414.25,422.13,0.81,2.9,636.2,0.3,15.17,0.105,0.058,46.26,1.12,3.66,11.74,0.257,250.56,242.15,1.35,8.65,18.5,0.12,314.97,0,0.5043,8.456,0,7.786,2.7825,6.1
Shallow,21.3,23.4779,91.0048,7.1,-14.28042026,846,27.2,0,5.669,387.96,142.36,2.54,1.1,12980.5,0.09,13.65,0.256,0.049,16.82,1.305,11.89,25.13,0.033,164.65,4268.24,0.12,13.57,29.03,0.15,18.06,0,0.5792,3.4747,0,3.0749,0,226.03
Shallow,80.8,23.48855,90.95615,6.7,16.36795657,2100,28,0,2.467,190.32,622.32,0.06,23.7,465.2,0.06,30.3,0.167,0.056,32.59,0.896,45.75,55.17,0.602,385.42,119.22,10.08,12.6,26.95,0.24,39.49,0,0.9122,3.3821,0,4.4756,0,2.6
Shallow,30.5,23.49181,90.97609,7.1,-16.35418165,610,27.6,0,6.332,307.44,26.63,2.73,0.45,7092.9,0.05,20.97,0.106,0.058,30.49,2.203,18.3,39.38,0.079,38.78,2333.59,0.19,13.27,28.38,0.22,15.71,0,0,5.1281,0,4.1529,0,321.62
Shallow,22.9,23.49005,90.98838,6.9,2.647497548,418,27.7,0,3.366,212.28,44.38,1.12,0.3,2799.6,0.04,18.88,0.048,0.04,31.54,2.477,36.6,23.49,0.092,9.95,1837.67,0.15,13.02,27.85,0.19,22.22,0,0,1.0423,0,2.8313,0,200.62
Shallow,30.5,23.48674,91.00695,7.4,1.872921031,417,27.6,0,6.894,204.96,35.5,1.18,0.66,19626.9,0.05,18.86,0.176,0.042,14.72,0.946,6.86,3.84,0.018,71.6,6425.78,0.19,12.38,26.48,0.05,18.52,0,0.7434,2.2237,0,0,0,230.48
Shallow,21.3,23.46442,90.96912,7,-4.938906341,361,27.2,0,4.661,161.04,35.5,1.74,0.42,6783,0,19.79,0.072,0.127,33.64,1.049,10.52,10,0.07,28.24,2247.53,0.16,9.91,21.2,0.13,27.96,0,0,1.9042,0,3.1136,0,380.31
Shallow,27.4,23.4586,90.96954,6.9,-38.93731917,2250,27.5,0,10.88,512.4,528.95,4.96,2.5,6707.4,0.03,5.57,0.362,0.012,42.05,0.008,27.45,46.97,0.002,432.7,1977.59,0.39,10.79,23.07,0.31,1.57,0,0.7304,0.9744,0,4.8799,0,301.64
Shallow,82.3,23.4488,90.98296,6.9,8.169939187,811,28,0,4.213,248.88,133.48,0.68,2.7,5256.1,0,22.67,0.098,0.038,27.33,2.346,18.3,36.42,0.516,84.86,1768.66,0.2,9.5,20.32,0.23,73.21,0,0,2.1919,0,3.3278,0,374.55
Shallow,24.4,23.43532,90.95893,6.9,-38.36565244,1837,27.5,0,10.49,431.88,422.1,4.9,2.3,9353.5,0.14,22.29,0.351,0.053,29.44,1.88,32.02,46.12,0.067,331.25,3067.61,0.23,13.01,27.84,0.27,10.87,0,0.812,1.6544,0,3.6095,0,340.31
Shallow,23.8,23.41788,90.98266,6.8,0.334447135,813,27.8,0,1.602,439.2,26.63,1.3,1.35,63.4,0,1.84,0.008,0.057,34.69,0.005,18.3,63.65,0.002,17.21,8,0.1,14.82,31.21,0,6.9,0,0,0,0,0,0,2.6
Shallow,91.5,23.41858,90.94399,6.9,-12.88097924,693,27.2,0,4.158,278.16,97.63,2.42,1.5,6460.4,0,15.73,0.101,0.049,25.23,1.866,18.3,27.94,0.152,77.71,2143.36,0.09,13.19,28.22,0.16,121.24,0,0,0.6894,0,2.9824,0,165.43
Shallow,91.5,23.45919,90.94664,6.8,-44.4857422,538,27.3,0,1.587,146.4,124.61,5.58,6.65,491.2,0,15.69,0.032,0.072,31.54,1.59,4.57,14.95,0.16,64.41,121.21,1.94,21.06,45.05,0.18,51.93,0,0,0.6502,0,0,0,2.6
Shallow,19.8,23.47056,90.93983,7.1,-33.68040196,1073,27.3,0,7.416,351.36,186.73,4.4,2.2,11426.8,0.05,14.22,0.227,0.062,18.92,1.074,18.3,18.97,0.065,188.44,3750.68,0.18,13.77,29.46,0.13,27.51,0,0.9605,33.7119,0,8.1139,0,342.24
Shallow,71.6,23.5025,90.9368,6.9,7.370206111,1005,27.9,0,1.409,67.71,235.12,0.74,3.9,86.1,0.08,16.93,0.038,0.059,31.54,0.834,4.57,14.34,0.566,131.29,26.73,0.15,10.69,22.86,0.12,47.26,0,0,6.0444,0,6.0005,0,2.6
Shallow,114.3,23.48262,91.02436,7.1,9.780288963,815,27.8,0,2.274,424.56,79.88,0.56,3.2,963.1,0,13.81,0.223,0.049,21.03,0.265,3.2,6.71,0.294,194.43,247.29,1.54,13.45,28.77,0.06,207.54,0,0,3.918,0,7.3276,0,2.6
Shallow,22.9,23.48596,90.90293,7,-66.26098212,2980,27.1,0,17.659,644.16,813.31,8.43,2.4,12526,0.11,18.89,0.421,0.123,56.77,3.637,27.45,66.67,0.108,591.51,4061.28,0.41,14.2,30.38,0.42,42.68,0,1.1863,2.8308,0,7.4469,0,249.84
Shallow,26.2,23.47866,90.89435,7.2,-69.45575774,3090,27,0,13.506,409.92,959.92,8.93,4.2,8395.8,0.13,15.85,0.434,0.096,50.48,5.45,32.02,99.8,0.128,532.61,2779.96,0.3,11.07,23.67,0.55,19.61,0,0.8754,1.4407,0,4.3144,0,535.25
Shallow,79.3,23.45462,90.89451,7.2,14.69897356,1142,27.7,0,2.536,375.76,235.37,0.19,3.5,1724,0,38.28,0.312,0.036,12.62,0.422,5.49,3.29,0.021,131.87,494.36,0.07,7.1,15.18,0.02,60.24,0,0,0.9512,0,0,0,12.59
Shallow,27.3,23.50662,90.91072,6.97,-128,1860,29.4,0.32,16.8,427.73,537.42,36.81,0.43,589,0,102.23,0.387,0.04,34.53,3.73,13.08,50.93,0.07,439.79,3998.95,0.37,15.61,33.39,0.4,73.78,0,1.26091,3.49669,0,3.97125,8.45343,460.77
Shallow,29.1,23.51257,90.90732,7.14,-141,1920,29.9,0.16,19.59,411.14,563.19,46.8,0.78,1509,0.71,27.61,0.351,0.03,52.92,0.95,13.9,76.2,0.1,383.1,1364.07,0.32,14.95,31.97,0.51,11.04,0,0.890173,2.15101,0,2.61688,3.04352,542.42
Shallow,30.3,23.50394,90.93749,7.65,-116,1740,29.7,0.27,4.82,304.27,580.92,1.05,22.55,0,19.39,177,0.378,0.03,38.31,2.82,5.24,37,0.31,425.62,2302.36,0.16,14.31,30.62,0.23,33.77,0,0.897422,4.47558,0,3.58527,12.9001,403.82
Deep,257.6,23.56411,91.05645,6.25,-39,4990,30.5,0.24,1.8,58.56,1358.65,3.55,158.65,0,0,122.5,0.362,0.09,244.03,9.27,13.2,213.24,0.87,399.53,273.69,50.98,23.41,50.08,2.03,62.7,0,1.34614,5.25372,0,4.82826,9.61703,8.92
Shallow,50,23.5639,91.05766,6.65,-134,319,31.4,0.16,8.41,127.37,55.84,10.65,3.79,0,0,267.05,0.051,0.05,20.41,5.51,3.35,12.36,0.19,34.76,775.64,0.52,28.3,60.53,0.14,512.6,0,1.056805,4.79174,0,4.07492,10.9897,11.98
Shallow,57.6,23.5624,91.05637,6.6,-134,373,29.9,0.31,2.91,167.14,28.72,9.06,0.31,46,0,218.97,0.029,0.03,27.68,10.31,2.68,24.02,0.32,15.68,904.93,0.08,18.42,39.41,0.24,29.55,0,0.637011,2.23806,0,0,6.49872,53.07
Shallow,27.3,23.56865,91.04143,6.41,-72,780,29.1,0.91,3.46,134.44,143.31,19.99,0.65,0,0,102.71,0.132,0.07,16.12,5.56,3.58,10.7,0.08,111.02,684.99,0.08,19.98,42.75,0.14,89.06,0,0.757587,8.509495,0,4.87499,6.34705,69.41
Shallow,90.9,23.56967,91.03861,6.4,-109,1041,29.5,0.18,4.68,304.02,128.42,24.62,0.05,1222,0,125.32,0.159,0.03,20.53,2.74,8.63,29.56,0.09,138.43,2888.33,0.15,19.58,41.9,0.19,77.4,0,0.956854,3.44355,0,3.95871,7.16808,107.21
Shallow,27.3,23.5846,91.03165,6.45,-113,588,29.3,0.37,3.05,269.38,26.55,15.7,0.32,618,0,266.13,0.033,0.02,29.92,3.92,4.26,32.02,0.16,19.36,2025.39,0.15,18.85,40.32,0.19,93.77,0,0.887185,3.82321,0,3.12899,13.098,197.04
Shallow,27.3,23.60098,90.9933,6.65,-104,453,29.4,0.51,4.13,212.04,17.29,11.16,0.53,446,0,158.28,0.038,0.03,35.51,3.64,5.16,19.53,0.12,23.48,2284.78,0.11,19.09,40.84,0.28,50.7,0,0.819022,3.50082,0,3.73539,9.60503,214.09
Shallow,24.2,23.62663,90.97089,7.12,-126,973,29.4,0.19,4.78,354.29,82.02,21.68,0.46,3099,0,217.9,0.153,0.02,16.37,1.49,7.04,27.04,0.07,132.17,4313.18,0.17,17.78,38.03,0.16,70.64,0,1.05658,4.328635,0,3.40173,10.8094,280.29
Deep,212.1,23.6275,90.97053,6.37,-15,2640,29.6,0.71,2.59,108.09,732.69,2.91,25.84,0,0.22,231.06,0.332,0.19,92.32,3.74,5.32,37.34,0.36,354.51,274.79,9.25,25.43,54.41,0.64,345.34,0,1.24212,4.37433,0,3.65113,26.1042,15.26
Shallow,50,23.70165,91.04601,6.77,-83,759,28.8,0.34,3.38,314.52,68.56,10.69,0.36,179,0,220.87,0.072,0.27,34.02,1.74,5.39,44.14,0.78,53.62,845.09,0.17,10.44,22.34,0.3,82.66,0,0.978027,4.17712,2.68558,4.52418,17.1302,112.29
Shallow,27.3,23.6629,90.9964,7.32,-134,1076,29,0.17,10.29,272.79,32.53,14.95,1.16,1459,0,189.27,0.103,0.03,17.44,2.64,4.83,19.91,0.11,82.29,3208.98,0.21,17.5,37.43,0.14,144.36,0,0.975472,6.50473,0,5.61856,19.5069,199.24
Deep,225.8,23.67105,91.01741,6.27,-25,548,29.3,0.91,2.31,94.92,115.38,2.75,3.44,0,0.73,574,0.051,0.07,41.81,1.81,3.06,16.9,0.32,35.24,223.26,1.25,26.95,57.65,0.29,603.6,0,1.54478,7.334765,0,3.710085,19.5481,17
Shallow,19.7,23.68879,91.03846,7.17,-10,551,29.1,0.27,9.97,267.67,18.31,12.14,0.7,457,0,218.06,0.027,0.05,28.31,4.06,21.81,31.53,0.12,14.17,2207.01,0.24,18.77,40.16,0.28,135.22,0,0.829142,10.43465,0,3.10447,10.1993,117.24
Deep,193.9,23.66851,91.03066,6.46,-21,1076,28.9,0.33,1.46,121.02,267.55,1.84,3.47,0,0.16,119.87,0.122,0.13,63.57,5.71,3.04,23.6,0.31,100.71,319.4,1.05,29.45,62.99,0.41,100.17,0,0.638562,4.25121,0,3.06706,7.53055,2.6
Shallow,43.9,23.67759,91.03634,7.54,-126,661,29.1,0.21,3.08,356,18.38,17.24,0.49,1192,0.63,230.7,0.113,0.09,14.56,1.82,6.49,28.86,0.45,92.22,2301.01,0.12,7.22,15.44,0.17,92.21,0,0.99481,10.9139,2.37465,5.24939,15.2908,330.05
Shallow,47,23.65418,91.04388,7.19,-23,1337,28.6,0.13,2.42,412.36,215.85,9.14,0.29,0,0.13,186.89,0.211,0.1,31.78,0.37,4.08,37.95,1.39,196.69,314.69,0.11,10.57,22.61,0.28,92.75,0,0.766743,3.94276,0,3.34768,9.76979,6.69
Shallow,33.3,23.65415,90.97332,7.29,-112,459,29,0.22,4.59,208.13,49.87,15.64,2.2,1594,0,181.17,0.036,0.02,22.55,2.32,5.42,31,0.09,21.48,3136.38,0.18,17.13,36.65,0.18,81.6,0,0.703014,3.97433,0,3.32954,8.38617,367.54
Shallow,27.3,23.60118,90.9805,7.25,-119,497,28.8,0.53,9.12,194.22,34.97,22.51,2.85,730,0,165.48,0.037,0.03,25.5,3.94,5.37,31.3,0.15,22.5,2643.59,0.16,20.6,44.07,0.2,55.81,0,0.850481,12.03045,0,5.30503,9.23194,233.4
Shallow,33.3,23.50476,91.00857,7.22,-111,982,26.4,0.57,4.38,308.9,152.79,18.02,0.34,409,0,217.98,0.151,0.03,30.12,3.8,7.33,36.99,0.11,130.89,2211.97,0.2,15.41,32.98,0.23,115.43,0,0.907241,4.37469,0,2.92092,14.1609,259.89
Shallow,33.3,23.51932,91.01157,6.66,-17,1286,26.8,0.91,12.74,251.56,318.64,2.01,1.3,0,3.17,229.22,0.216,0.23,44.46,4.41,5.2,22.75,1.59,201.97,196.59,0.61,17.69,37.84,0.29,97.75,0,1.54018,6.446265,0,9.56175,13.05875,10.61
Deep,212.1,23.5358,91.00585,6.33,21,1286,27.4,1.33,2.73,87.11,360.41,0.91,24.77,0,0.05,238.36,0.169,0.15,69.42,7.65,3.83,31.19,0.63,149.1,84.28,9.22,28.75,61.51,0.44,786.46,0,0.948307,5.71049,0,3.61642,15.0635,6.49
Shallow,34.8,23.55225,90.98376,7.3,-94,552,26.4,0.51,9.71,224.72,44.89,29.19,2.41,1598,0,451.97,0.063,0.05,27.01,2.05,5.32,31.32,0.11,45.74,2917.3,0.66,17.93,38.36,0.2,135.49,0,1.52831,9.161116,0,4.92101,22.2547,353.4
Shallow,81.8,23.69061,90.984,7.15,-46,500,27.4,0.13,3.53,182.02,54.2,8.22,0.56,440,0,167.08,0.1,0.02,11.33,0.95,2.92,8.99,0.03,79.62,935.8,0.08,20.71,44.31,0.09,70.44,0,0.781929,2.694655,0,2.68886,7.27268,47.4
Shallow,27.3,23.69063,90.98399,7.08,-81,360,26.8,0.44,3.99,161.04,22.26,3.39,0.25,178,0,169.09,0.02,0.02,22.09,3.41,3.48,23.67,0.17,8.39,2112.06,0.14,20.78,44.46,0.17,104.65,0,0.913154,4.42545,0,8.92573,10.7493,207.92
Shallow,27.9,23.7654,90.99466,7.23,-121,721,26.4,0.16,10.69,348.92,16.94,28.02,0.34,1009,0,221.77,0.063,0.03,39.42,3.36,7.5,42.12,0.09,45.94,2863.75,0.24,20.56,43.99,0.32,100.42,0,1.03436,4.768055,0,5.44298,14.8782,429.6
Shallow,54.5,23.78527,90.99357,7.23,-124,537,26.4,0.1,8.11,274.99,9.52,23.98,0.33,284,0,186.28,0.044,0.06,37.6,5.01,6.56,24.9,0.11,29.05,2312.56,0.22,17.33,37.08,0.25,77.42,0,1.27602,6.05112,0,5.1842,12.6222,413.87
Shallow,40.9,23.7518,90.97396,7.14,-120,688,26.4,0.17,21.7,381.62,9.64,22.2,1.25,174,2.38,193.13,0.041,0.05,51.84,6.02,6.3,47.01,0.13,25.92,2356.44,0.35,17.48,37.4,0.38,203.96,0,0.946255,4.988245,0,6.96749,13.7545,438.94
Deep,197,23.75397,90.95694,7.25,-35,961,26.6,0.43,3.22,578.52,48.31,6.88,9.73,0,0,311.03,0.265,0.02,5.46,0.83,2.98,2.07,0.03,261.58,447.66,2.34,23.76,50.83,0.03,156.92,0,1.51375,8.287755,0,3.959565,16.366,12.17
Shallow,27.9,23.76391,90.91835,7.29,-117,547,26.4,0.17,10.21,244.73,16.44,24.32,0.45,1868,0.03,542.9,0.034,0.03,31.93,2.97,5.91,33.26,0.1,19.9,3578.44,0.33,18.68,39.96,0.23,85.47,0,1.50578,5.9114,0,4.98119,17.21525,405.27
Shallow,28.8,23.76391,90.91837,7.51,-96,652,26.7,0.12,8.63,268.4,34.88,31.82,0.71,1746,0.22,471.08,0.069,0.05,30.52,3.22,6.2,35.1,0.08,50.7,3690.5,0.22,21.04,45,0.24,86.31,0,1.66587,9.074135,0,3.58353,16.5319,282.8
Shallow,21.2,23.76391,90.91837,7.66,-113,665,26.6,0.18,10.45,300.85,25.24,34.66,1.68,1241,0.25,437.07,0.075,0.03,23.84,3.29,6.77,35.52,0.09,56.33,3039.57,0.21,14.43,30.87,0.2,118.6,0,1.61449,17.4546,0,5.58639,18.6832,483.65
Shallow,33.3,23.62555,91.04642,7.13,-98,522,26.1,0.22,5.38,258.88,17.58,17.57,0.5,110,0,259.21,0.033,0.03,32.86,5.54,5.61,37.4,0.13,19.51,2094.43,0.13,16.9,36.16,0.24,73.19,0,1.1237,10.6411,0,4.33902,13.2474,333.59
Shallow,36.4,23.68381,90.91388,7.41,-125,1398,26.6,0.31,14.32,415.78,273.01,49.1,1.56,2352,0.09,113.77,0.234,0.07,31.09,7.19,10.34,47.45,0.07,223.39,5841.46,0.33,17.11,36.6,0.35,65.94,0,1.2803,3.8124,0,4.35326,16.3427,676.81
Shallow,21.2,23.62755,90.93126,7.54,-102,1606,28,0.24,19.75,479.22,306.08,41.63,1.49,3782,0.02,144.93,0.309,0.03,23.29,3,9.55,39.38,0.06,320.89,6023.93,0.37,19.37,41.44,0.26,39.92,0,1.818,3.79216,0,2.8977,7.82285,468.19
Shallow,28.8,23.62755,90.93126,7.27,-108,820,27,0.19,5.06,306.95,92.38,28.49,0.94,635,0,204.75,0.046,0.05,36.75,3.84,7.68,67.34,0.13,30.59,2771.7,0.17,18.55,39.69,0.39,84.4,0,1.06143,4.30654,0,3.35205,11.3904,360.4
Shallow,22.7,23.62625,90.90742,7.13,-103,604,27.4,0.47,6.05,281.33,37.2,11.72,1.58,0,0,394.51,0.039,0.03,38.04,8.45,5.46,39.71,0.23,24.84,1851.96,0.26,21.15,45.24,0.29,100.9,0,1.66585,5.27891,0,7.57484,15.9904,277.67
Shallow,21.2,23.56402,90.90982,7.28,-100,1103,26.4,0.21,10.78,472.38,166.68,1.7,2.34,1830,18.65,274.93,0.166,0.02,31.52,0.28,8.48,43.65,0.05,146.05,2819.18,0.24,16.66,35.64,0.28,93.25,0,1.238625,5.562,0,4.23242,14.6515,496.28
Shallow,21.2,23.55888,90.87765,7.31,-114,2220,28,0.18,11.93,716.38,474.19,1.67,0.01,2667,17.93,268.74,0.452,0.01,14.76,0.32,9.54,23.81,0.03,550.95,4276.77,0.26,12.91,27.62,0.17,55.24,0,1.79428,4.90019,0,2.65922,10.6091,446.58
Shallow,63.6,23.48338,91.05969,6.6,64.5,280,25.9,0,4.02,144.2,13.84,0,0.01,0,0.07,14.22,0.04,0.01,21.15,0.64,1.23,9.26,0.85,24.86,192.85,0.06,25.3,54.12,0.16,12.47,0,0,0.666212,0,0,0,2.6
Shallow,54.5,23.49683,91.06151,6.72,41.9,638,26.3,0.05,2.26,209.11,84.8,1.24,0.05,0,0.36,12.15,0.092,0.02,31.86,0.23,2.17,16.22,2.24,71.92,194.88,0.08,19.65,42.04,0.26,10.86,0,0,0.628455,0,0,0,2.6
Shallow,97,23.49919,91.06857,6.88,46.1,702,26.2,2,1.31,200.08,95.67,0,12.1,0,0.14,15.2,0.137,0.01,12.34,0.84,1.74,12.08,0.3,116.17,290.92,4.22,20.52,43.89,0.11,6.67,0,1.52899,0.612654,0,0,0,16.94
Shallow,36.4,23.50045,91.06044,6.62,54.6,612,25.9,0.05,3.04,196.91,81.42,1.05,0.01,310,1.3,10.13,0.069,0.07,27.82,0.08,4.06,27.41,3.62,51.16,476.52,0.1,20.03,42.84,0.25,10.71,0,0,0.547829,0,7.18916,2.20116,2.6
Shallow,114.5,23.58729,91.16384,6.42,125.7,178,26.2,1,0.6,101.26,1.64,0,2.22,0,0,7.53,0.031,0.01,13.17,0.44,1.07,5.54,0.17,17.19,65.92,0.85,25.01,53.49,0.09,7.53,0,0.491978,0,0,0,0,2.6
Shallow,29.1,23.58173,91.16961,6.3,94.7,158,26.1,0,0.62,81.74,1.54,0,0.09,0,0,7.25,0.026,0.05,11.15,2.96,1.09,4.81,0.51,13.26,172.36,0.12,25.51,54.57,0.08,16.3,0,0.680298,0,0,0,0,2.6
Shallow,75.8,23.58436,91.16827,6.26,68.7,146,26.7,0.2,0.55,83.69,1.33,0,0.92,0,0,8.54,0.027,0.01,10.7,0.07,1.05,4.71,0.09,14.28,90.78,0.4,26.18,56.01,0.08,119.65,0,0.774487,0,0,0,0,2.6
Shallow,19.7,23.57156,91.17129,6.38,55.6,616,25.9,0.8,1.42,183.97,84.07,0.82,8.73,0,0,17.45,0.049,0.27,56.23,0.35,1.58,23.06,0.92,33.34,199.59,6.49,24.09,51.53,0.47,11.76,0,6.029875,0.355441,0,4.48454,0,2.6
Shallow,29.1,23.57693,91.16265,6.64,59.5,211,26,0.3,0.75,104.92,8.56,0,2.09,0,0,9.22,0.028,0.02,19.59,0.34,1.32,6.46,0.02,15.25,243.41,0.83,20.84,44.59,0.17,12.3,0,4.54704,0.376391,0,0,0,2.6
Deep,174.2,23.57197,91.17178,6.2,69.9,169,26.3,0.2,0.86,83.94,1.91,0,0.31,0,0,9.72,0.025,0.01,11.25,6.42,1.16,5.16,0.56,12.09,108.46,0.19,28.9,61.82,0.08,164.31,0,1.85309,0,0,3.771315,0,2.6
Deep,181.8,23.56047,91.17329,6.29,58.6,172,26.2,1,0.78,91.74,1.37,0,0.8,0,0,22.38,0.025,0.02,13.82,5.14,1.46,4.56,0.43,12.23,113.64,0.39,34.34,73.46,0.11,63.04,0,26.57745,0.785668,0,0,0,2.6
Shallow,80.3,23.55915,91.17377,6.37,72.3,183,26.4,1,0.81,106.63,1.62,0,0.56,0,0,9.59,0.027,0.04,13.15,0.06,1.36,8.74,0.13,13.79,158.56,0.27,30.36,64.95,0.09,163.79,0,4.15752,0,0,0,0,2.6
Deep,221.2,23.49187,91.15001,6.75,27.9,194,25.8,0.2,0.85,106.38,1.46,0,1.38,0,0,10.99,0.026,0.05,15.64,2.14,1.45,7.46,0.12,13.55,134.39,0.58,28.43,60.82,0.11,25.56,0,4.559875,0.620289,0,0,0,2.6
Shallow,45.5,23.5052,91.14239,7.26,31.7,264,25.7,0.6,0.63,155.43,1.45,0,0.72,1323,0,18.25,0.083,0.01,0.3,0.05,0.53,0.44,0.02,63.78,1538.79,0.31,16.24,34.75,0,34.97,0,2.55939,0,0,0,0,9.03
Shallow,36.4,23.52878,91.13576,7.13,31.2,343,26.1,0.2,0.76,206.91,2.76,0,0.65,488,0,8.97,0.103,0.02,0.66,0.12,0.94,1.28,0.08,82.62,648.9,0.25,15.56,33.29,0.01,14.19,0,3.18073,0.680057,0,0,0,2.6
Deep,192.4,23.5125,91.14124,6.68,45.1,201,26.6,2,1.24,113.95,2.02,0,2.42,0,0,18.05,0.031,0.04,15.76,0.75,1.76,6.46,0.17,17.18,117.41,0.91,30.7,65.68,0.11,334.31,0,11.69235,0.936891,0,0,2.93004,2.6
Shallow,51.5,23.56467,91.12443,7.05,39.6,389,26.1,0.6,0.71,197.39,18.76,0,0.37,162,0,13.22,0.103,0.01,5.3,0.08,0.61,3.17,0.21,83.03,262.8,0.18,18.45,39.47,0.04,34.04,0,3.118605,0.503377,0,0,0,2.6
Shallow,106.1,23.55672,91.11837,6.94,43.7,296,25.8,2,0.85,177.39,1.86,0,0.29,0,0,9.83,0.071,0.02,8.74,0.86,1.29,5.26,0.14,52.79,316.72,0.17,23.04,49.29,0.06,8.65,0,3.261595,0.531883,0,0,0,5.86
Shallow,40.9,23.49951,91.10476,6.13,63.9,156,26.2,0.3,0.73,81.5,4.45,0,0.66,0,0,11.94,0.026,0.01,14.32,0.57,1.23,3.35,0.01,13.21,83.73,0.3,25.92,55.45,0.14,18.68,0,7.84166,0.355634,0,0,0,2.6
Shallow,39.4,23.53347,91.0618,6.79,32.9,312,26.4,0.6,0.62,152.01,20.71,0,3.2,518,0,11.02,0.088,0,2.94,0.12,0.5,0.97,0.33,68.25,712.27,1.14,21.95,46.96,0.02,10.76,0,3.95075,0.626642,0,0,0,7.23
Shallow,21.2,23.52598,91.06241,7.14,-49.2,504,25.3,0.5,2.3,231.56,33.93,0,0.01,0,2.56,12.91,0.038,0.01,20.59,5.58,5.9,35.43,0.28,23.69,1315.01,0.06,14.74,31.53,0.19,42.82,0,3.81808,0.44716,0,0,0,218.35
Shallow,22.7,23.47222,91.10917,6.17,18.5,202,26.2,0.5,0.74,82.72,18.47,0,0.27,0,0,8.99,0.024,0.02,20.13,1.41,1.56,5.47,0.01,11.73,105.45,0.17,23.64,50.57,0.23,15.04,0,2.545675,0,0,7.970975,0,2.6
Shallow,27.3,23.45901,91.09338,6.66,10.6,289,26.2,0.2,2.02,173.48,2.56,0,0.01,260,0.92,19.18,0.021,0.05,19.44,0.51,1.61,21.82,3.52,8.93,502.14,0.08,17.76,37.99,0.17,9.71,0,42.8275,1.293,0,5.83249,0,11.49
Shallow,83.3,23.48114,91.14662,6.77,23.7,230,25.8,1,0.83,143.23,1.16,0,0.01,0,0,18.16,0.03,0.02,17.52,1.27,1.26,9.93,0.85,16.48,107.48,0.06,25.01,53.49,0.12,34.5,0,25.8688,1.06978,0,0,0,2.6
Deep,219.7,23.46903,91.14375,6.57,32.1,214,26,1,0.87,117.36,3.81,0,5.1,0,0,13.82,0.028,0.04,16.15,3.59,1.5,7.55,0.36,14.87,187.25,1.93,32.97,70.53,0.11,36.99,0,10.1913,0.456941,0,0,0,2.6
Shallow,42.4,23.47671,91.20795,6.54,35.4,190,25.8,0.2,1.04,123.71,1.27,0,0.31,0,0,17.03,0.033,0.03,14.18,0.23,1.67,4.64,0.15,19.28,103.94,0.19,14.13,30.23,0.12,12.41,0,17.14715,0.702561,0,0,0,2.6
Shallow,48.5,23.46583,91.19472,6.36,37.6,579,26.6,0.4,1.47,232.04,61.09,0,0.31,0,0,16.07,0.053,0.13,49.64,0.38,2.37,21.4,2.94,36.43,107.47,0.18,18.63,39.86,0.33,57.53,0,8.88328,0.555397,0,10.9565,0,2.6
Deep,197,23.49833,91.16194,6.61,34.2,206,26.4,0.8,1.2,111.51,1.72,0,1.47,0,0,15.01,0.035,0.03,12.56,3.77,1.83,5.18,0.27,20.66,141.9,0.57,31.69,67.8,0.09,106.19,0,10.15041,0.583786,0,0,0,2.6
Shallow,136.4,23.46694,91.18028,6.76,32.2,200,27.5,0.8,1.18,110.04,2.01,0,3.01,0,0,20.45,0.028,0.02,15.73,2.2,1.78,6.71,0.21,15.26,230.07,1.11,27.93,59.75,0.11,21.08,0,14.7969,0.8859,0,0,0,2.6
Shallow,93.9,23.43278,91.1525,6.6,39.2,175,25.8,0.2,0.81,88.82,1.77,0,2.63,0,0,17.7,0.027,0.02,11.3,4.75,1.11,5.28,0.61,13.96,108.38,0.97,27.84,59.57,0.08,7.33,0,12.1117,1.06849,0,0,0,2.6
Shallow,42.4,23.43167,91.1525,6.68,40.6,189,25.8,0.5,1.14,106.63,2.02,0,2.43,0,0,22.11,0.028,0.02,14.6,0.5,0.93,6.88,0.02,15.27,200.79,0.91,26.82,57.37,0.11,12.28,0,18.1394,0.770587,0,0,0,2.6
Shallow,48.5,23.40917,91.17333,6.75,43.4,176,26.3,0.5,0.91,103.46,1.14,0,1.63,0,0,18.19,0.027,0.01,9.23,0.18,0.55,10.25,0.25,13.83,124.22,0.61,25.01,53.5,0.08,11.39,0,14.2205,0.683647,0,0,0,2.6
Deep,181.8,23.38127,91.23437,6.75,16.1,211,26.3,1,0.86,116.14,1.38,0,1.41,0,0,9.12,0.029,0.03,15.52,3.26,1.37,7.24,0.26,16.12,84.07,0.55,32.79,70.15,0.1,24.01,0,0.680501,0.75713,0,0,0,2.6
Shallow,81.8,23.39476,91.24833,6.54,26.7,174,25.4,0.5,0.79,96.62,1.25,0,0.3,0,0,7.97,0.028,0.02,12.62,2.61,1.16,4.87,0.38,15.12,145.47,0.15,29.85,63.87,0.09,13.35,0,1.00584,0,0,0,0,2.6
Shallow,30.3,23.38091,91.24049,6.74,14.9,243,25.6,0.5,0.89,138.1,1.42,0,0.86,0,0,9.94,0.03,0.02,20.06,2.4,1.4,9.08,0.31,16.91,207.46,0.36,28.28,60.51,0.11,10.06,0,1.00962,0,0,0,0,2.6
Deep,242.4,23.41349,91.2049,6.72,30.1,209,26.9,1,0.98,105.66,1.9,0,3.31,0,0,10.31,0.032,0.04,14.78,2.43,1.75,5.65,0.26,18.4,244.28,1.24,31.88,68.2,0.13,141.34,0,1.45522,0.422211,0,0,0,6.23
Shallow,42.4,23.4178,91.19736,6.79,10.1,208,26.5,0.5,0.85,101.75,1.82,0,0.01,0,0.79,8.33,0.027,0.04,6.09,8.97,2.12,10.28,0.16,14.32,1054.93,0.04,27.24,58.28,0.07,17.04,0,0.785223,0,0,0,0,2.6
Shallow,60.6,23.40752,91.22819,6.7,14.3,205,26.2,0.5,0.79,114.68,1.34,0,0.31,0,0,11.37,0.031,0.01,13.63,2.21,1.12,7.12,0.59,17.26,198.94,0.16,26.75,57.23,0.09,9.13,0,1.113845,0.453914,0,0,0,2.6
Shallow,106.1,23.45752,91.20561,6.62,17.9,250,26.4,0.5,1.06,140.3,3.7,0,0.01,0,0,8.32,0.035,0.03,18.49,3.17,2.05,8.04,0.27,21.36,149.89,0.02,26.78,57.3,0.13,15.96,0,0.666507,1.99891,0,0,0,2.6
Deep,181.8,23.46641,91.221,6.6,24.8,194,25.6,1,0.76,112.73,1.4,0,0.01,0,0,22.31,0.029,0.04,16.03,2.36,1.77,6.42,0.3,15.41,96.3,0.48,33.4,71.45,0.13,526.96,0,0.939129,4.85229,0,0,0,2.6
Deep,303,23.40411,91.17146,6.83,21.2,166,26.2,1,1.77,92.72,5.74,1.04,6.59,0,1.11,372.99,0.026,0.04,13.35,2.73,3.79,5.02,0.21,13.56,252.27,2.08,31.56,67.52,0.1,116.8,0,2.63501,6.36117,0,4.486605,14.1917,2.6
Shallow,24.2,23.38428,91.15897,6.53,26.8,190,25.9,0.5,1.08,118.34,5.3,1.37,3.05,0,0.66,294.71,0.03,0.04,16.78,0.61,0.9,6.03,0.85,16.22,283.55,1.13,24.02,51.38,0.1,116.27,0,1.35031,4.90032,0,3.11269,16.8232,2.6
